"record_id","path","artifact_type","authority","review_scope","locators","line_count","size_bytes","sha256","alignment_status","execution_status","portability","notes"
"F001","E:/Documents/brainco_for_Dexhand_V1/inference_acceleration_20260807/framework/README.md","source-doc","active-local","full","L1-L59","59","3085","6f14600330b3151823dd026b1d5527afde1ed1d4a82d73fad3d118e6643a6261","not-applicable","not-run","generic","Four clocks; universal core; adapter/plugin contract; fail-closed gates"
"F002","E:/Documents/brainco_for_Dexhand_V1/inference_acceleration_20260807/framework/capability_registry.json","source-config","active-local","full","L1-L203","203","14867","071f40ed78398a71368903b5e0a4984b7d106caf6d4d4a5b739db3ab88c2928b","not-applicable","not-run","generic","Family semantics and backend eligibility/fallback contracts"
"F003","E:/Documents/brainco_for_Dexhand_V1/inference_acceleration_20260807/framework/examples/starvla_visual_cudagraph_030.json","experiment-contract","active-local","full","L1-L103","103","5204","c892bceddbc1e0b7011d42986d604115ad5617192218efa07729670770233ae6","not-applicable","not-run","StarVLA-specific","Lineage; graph predicates; four-clock measurements; quality/rollback gates"
"F004","E:/Documents/brainco_for_Dexhand_V1/inference_acceleration_20260807/research_contract.md","research-contract","active-local","full","L1-L133","133","8258","27d38616810467347c5f31da44e30ef7bee024871518df8244e7370ed16de4b6","not-applicable","not-run","generic+StarVLA baseline","Tiering; timing; numerical/task gates; rollback"
"F005","E:/Documents/brainco_for_Dexhand_V1/inference_acceleration_20260807/review/starvla_execution_path_audit.md","architecture-audit","active-local","targeted-lines","L7-L23; L37-L57; L82-L100; L123-L179","205","8445","4412b8a1c3672222ce70476b213009dee6444834052f9d053f8ba165668ceae7","not-applicable","not-run","StarVLA-specific","Qwen3-VL-4B; 3 views; 14-D state; 50x14 chunk; execute 16"
"F006","E:/Documents/brainco_for_Dexhand_V1/inference_acceleration_20260807/review/flashrt_review.md","repository-review","active-local","targeted-sections","L3-L38; L40-L69; L98-L118; L146-L180; L241-L259","260","18614","a3a7033518f84698d9e8fcebf2f7abe0cbfc363a7d561677c0ccf4047c5e7ae6","unknown","not-run","FlashRT/Pi0.5/StarVLA","Records commit/archive alignment; no live .git metadata in inspected snapshot"
"F007","E:/Documents/brainco_for_Dexhand_V1/inference_acceleration_20260807/experiment_roadmap.md","roadmap","active-local","targeted-lines","L5-L16; L77-L114; L145-L229; L249-L300","312","15394","1871b030877c8e7345e7b166c7aa8930bb9f5d275c09d708aa10d16aa0eb37e4","not-applicable","not-run","generic+StarVLA","Experiment order; stop rules; model-family matrix"
"F008","E:/Documents/brainco_for_Dexhand_V1/inference_acceleration_20260807/mainline_alignment_log.md","experiment-ledger","active-local","targeted-lines","L56-L86; L145-L197; L201-L302","302","48764","8d3ddb1c0c4ee673bd0612815beb26e8df6102c4909e0b81a7226bbf6a32fc1d","not-applicable","not-run","StarVLA-specific","Inductor; token/cache/KV; async positive/negative lineage"
"F009","E:/Documents/brainco_for_Dexhand_V1/inference_acceleration_20260807/tools/benchmark_starvla_paired_exact.py","benchmark-source","active-local","critical-path","L1-L574; reviewed args, fixed inputs, AB/BA loop, CUDA/wall timing, exactness, bootstrap, reports","574","19912","c53e86f28ec557bd3b6f3cd78b9e9df32f889b12b3cc954eb7b3fa85a708c568","not-applicable","not-run","generic harness with StarVLA adapter","Paired exact benchmark"
"F010","E:/Documents/brainco_for_Dexhand_V1/inference_acceleration_20260807/tools/audit_starvla_paired_run.py","audit-source","active-local","critical-path","L1-L336; identity/protocol/action/runtime/resource assertions","336","13159","c95d1420321417a6be55053a946d9a2fac07721748fbadb97b43fb752138ace4","not-applicable","not-run","generic harness with StarVLA adapter","Independent paired-run auditor"
"F011","E:/Documents/brainco_for_Dexhand_V1/inference_acceleration_20260807/tools/freeze_failed_experiment.py","rollback-source","active-local","full","L1-L92","92","3732","73d6205187257e1d1636797d670635fb34b7caf24dd75303997f65b30d71604b","not-applicable","not-run","generic","Identity-bound failure manifest and read-only freeze"
"C001","E:/Documents/brainco_for_Dexhand_V1/inference_acceleration_20260807/experiments/robodojo-starvla-cudagraph-initial-replay-requalified-20260809-027/benchmark_cudagraph_visual.py","candidate-source","active-local","full","L1-L507; proxy L42-L419; variant control L426-L503","507","21264","ecef937a10184f35ca697d95e4a2fa1813b593af5550951894a071019e90efe7","not-applicable","not-run","StarVLA-specific implementation; generic pattern","Visual CUDA Graph with initial replay and eager fallback"
"C002","E:/Documents/brainco_for_Dexhand_V1/inference_acceleration_20260807/experiments/robodojo-starvla-cudagraph-initial-replay-requalified-20260809-027/audit_cudagraph_visual.py","candidate-auditor","active-local","full","L1-L190","190","8210","b50b38354ba45b28c9240a60ac1bfe6a600af38c63a734767359f0e8e18241e4","not-applicable","not-run","StarVLA-specific","Capture/replay/fallback/exactness assertions"
"C003","E:/Documents/brainco_for_Dexhand_V1/inference_acceleration_20260807/experiments/robodojo-starvla-cudagraph-initial-replay-requalified-20260809-027/reports/formal_report.md","experiment-report","active-local","full","L1-L15","15","2320","f07a3dff3dac024c889331f4425bc70ad01dc03c9557ba861fd26410b422d66e","not-applicable","not-run","StarVLA-specific","48.1572 to 42.7936 ms; exact actions; 220 replays"
"C004","E:/Documents/brainco_for_Dexhand_V1/inference_acceleration_20260807/experiments/robodojo-starvla-cudagraph-quality-20260809-030/README.md","experiment-doc","active-local","full","L1-L44","44","2261","3984a186185e9f564946eb6604cf1ea1a0d24799fd208e470fef7cdfc5eaa399","not-applicable","not-run","StarVLA/RoboDojo-specific","Closed-loop quality protocol"
"C005","E:/Documents/brainco_for_Dexhand_V1/inference_acceleration_20260807/experiments/robodojo-starvla-cudagraph-quality-20260809-030/rollback_experiment.sh","rollback-source","active-local","full","L1-L38","38","1687","ffcec04ca634968362398f2c3a76a6cdf3d6b9258ff56114371b0f8428e03710","not-applicable","not-run","generic pattern","Process-local rollback"
"C006","E:/Documents/brainco_for_Dexhand_V1/inference_acceleration_20260807/experiments/robodojo-starvla-cudagraph-quality-20260809-030/tools/aggregate_cudagraph_quality.py","quality-aggregator","active-local","critical-path","L1-L495; task/seed/score/runtime/video/manual-QA gates","495","18922","565ae7a05a2a0b0bc3ad1be5b35ce105f3f9717478b3f7992b5b3182c4d5b100","not-applicable","not-run","StarVLA/RoboDojo-specific","Aggregates fixed 50-episode panel"
"C007","E:/Documents/brainco_for_Dexhand_V1/inference_acceleration_20260807/experiments/robodojo-starvla-cudagraph-quality-20260809-030/audit_experiment.py","quality-auditor","active-local","critical-path","L1-L344; identity, hard-split, quality and runtime evidence","344","16190","ce6bff60544a2bdef80ed5289fa2d0cc17daa91a931ce4ba03290bbee23b4b2d","not-applicable","not-run","StarVLA/RoboDojo-specific","Historical audit failed; evidence preserved"
"C008","E:/Documents/brainco_for_Dexhand_V1/inference_acceleration_20260807/experiments/robodojo-starvla-cudagraph-quality-audit-requalification-inode-fix-20260809-033/README.md","requalification-doc","active-local","full","L1-L15","15","840","00ab0830ca71d96487ce2ccccf640fa6da63823c51251c3c27d995730528ae9e","not-applicable","not-run","audit-only","One-fix inode successor; research only"
"C009","E:/Documents/brainco_for_Dexhand_V1/inference_acceleration_20260807/experiments/robodojo-starvla-cudagraph-quality-audit-requalification-inode-fix-20260809-033/audit_requalification_inode_fix.py","requalification-source","active-local","full","L1-L94","94","3568","91d41972bfbeb71a003a311e065e40453acb176e23aa95608cf18cbae0835c4a","not-applicable","not-run","audit-only","Corrects st_dev:st_ino serialization without model/environment execution"
"C010","E:/Documents/brainco_for_Dexhand_V1/inference_acceleration_20260807/sealed_remote_evidence/robodojo-starvla-last-decoder-layer-cudagraph-paired-timing-20260813-137/reports/mainline_review.md","experiment-review","active-local","full","L1-L15","15","1049","68017cf633e2383f57f7e34597b9ae61ab3efd8b2084bb7387c2f9bfb49392c2","not-applicable","not-run","StarVLA-specific","Last decoder graph is exact but slower"
"C011","E:/Documents/brainco_for_Dexhand_V1/inference_acceleration_20260807/sealed_remote_evidence/robodojo-starvla-last-decoder-layer-cudagraph-paired-timing-20260813-137/runs/last_decoder_layer_cudagraph/reports/summary.json","experiment-result","active-local","structured-fields","protocol; timings_ms; paired_comparison; action; instrumentation","338","9883","4ae6c1e9c5e18dc12075ef9e4d6178a595b95d14be661c51d380d3405d78d5bf","not-applicable","not-run","StarVLA-specific","Wall 0.980316x; Qwen 0.976796x; max_abs 0"
"R001","E:/Documents/brainco_for_Dexhand_V1/inference_acceleration_20260807/references/code/realtime-vla-flash-main/README.md","upstream-doc-snapshot","reference-snapshot","full","L1-L118; highlights L21-L25; commands L46-L101","118","3476","cc781a47238c98bfaa957fac890e13d89670438338d310a3294e59c0421d9688","unknown","not-run","Pi0 speculative upstream","README identifies github.com/dexmal/realtime-vla-flash; snapshot has no .git metadata"
"R002","E:/Documents/brainco_for_Dexhand_V1/inference_acceleration_20260807/references/code/realtime-vla-flash-main/src/openpi/models_pytorch/spec_pi0_pytorch.py","upstream-source-snapshot","reference-snapshot","symbol-range","L42-L211; L280-L311; L350-L796","1021","44609","f74b2906370c9cf2e3156b2d42a604c2c2c8c90bac48ae7298b57d593ba78987","unknown","not-run","Pi0/Pi0.5 transferable","Draft chunk; K-way verify; prefix acceptance/stitch; fallback"
"R003","E:/Documents/brainco_for_Dexhand_V1/inference_acceleration_20260807/references/code/realtime-vla-flash-main/scripts/spec/triton/pi0_spec_infer.py","upstream-source-snapshot","reference-snapshot","symbol-range","L648-L799; L1158-L1257; L1830-L2062; L3688-L3729","3837","155931","f54bfd2302b659f51e82a07ca0d6d52fa603226ce50c2a75059a70aadb14cf2a","unknown","not-run","Pi0 speculative/Triton","Fused accept/stitch and compiled draft/verify paths"
"R004","E:/Documents/brainco_for_Dexhand_V1/inference_acceleration_20260807/references/code/realtime-vla-flash-main/scripts/spec/triton/triton_pi0_runtime.py","upstream-source-snapshot","reference-snapshot","symbol-range","L827-L972; L1296-L1521; L1522-L1661","1954","81371","049f3a51fd461c09ed0977be82b1d672980c7facf263c16b29f886bde25163bc","unknown","not-run","Pi0 speculative/Triton","Runtime state; full/draft/verify round timing; scheduled fallback"
"R005","E:/Documents/brainco_for_Dexhand_V1/inference_acceleration_20260807/references/code/realtime-vla-flash-main/src/openpi/policies/policy.py","upstream-interface-snapshot","reference-snapshot","indexed","L1-L166","166","7019","90c37bb6eddc3a3d45589f56f8d8a39e3661485b58a72343c9d38e1d805a4d7e","unknown","not-run","Pi0 policy interface","Indexed dependency boundary; not used for a standalone execution claim"
"T001","E:/Documents/brainco_for_Dexhand_V1/inference_acceleration_20260807/references/code/FlashRT-archive-b/FlashRT-main/docs/rtc_lite_design.md","FlashRT-doc","reference-snapshot","full","L1-L89","89","2751","a1cb5280f31a870713e55fabf2cf2b50974d8fa1f56e766cc90018aff70c8c98","unknown","not-run","generic controller","Legacy async chunk runner design"
"T002","E:/Documents/brainco_for_Dexhand_V1/inference_acceleration_20260807/references/code/FlashRT-archive-b/FlashRT-main/docs/rtc_temporal_fusion.md","FlashRT-doc","reference-snapshot","full","L1-L195","195","6700","773f360bc9b9fa9ccea4645ffd53e59f1e6054c2c76966915b52dcf4f3f1f984","unknown","not-run","generic controller","Step-aligned overlapping temporal fusion"
"T003","E:/Documents/brainco_for_Dexhand_V1/inference_acceleration_20260807/references/code/FlashRT-archive-b/FlashRT-main/flash_rt/runtime/rtc.py","FlashRT-source","reference-snapshot","full","L1-L261","261","9404","88941ebe67f38a8042a7bd14578fd6e2f0b265068c0d79ec705d48facdbf7c86","unknown","not-run","generic controller","AsyncChunkRunner; one worker; hold_last/block; simple blend"
"T004","E:/Documents/brainco_for_Dexhand_V1/inference_acceleration_20260807/references/code/FlashRT-archive-b/FlashRT-main/flash_rt/runtime/rtc_temporal_fusion.py","FlashRT-source","reference-snapshot","full","L1-L545","545","23027","055812f606c1fdc4c304137b1cdd8efcf95f5ffeb4ae6d2adc906229e865f762","unknown","not-run","generic controller","Exponential overlap fusion; observation snapshot; latency/state switch"
"T005","E:/Documents/brainco_for_Dexhand_V1/inference_acceleration_20260807/references/code/FlashRT-archive-b/FlashRT-main/flash_rt/subgraphs/pi05/rtc_prefix.py","FlashRT-source","reference-snapshot","full","L1-L79","79","2785","efc66b4003c4c1ec74ebec2e500e7e9aca52fad961713053692737fd1a6069e3","unknown","not-run","Pi0.5-specific","Fixed-prefix capture graph"
"T006","E:/Documents/brainco_for_Dexhand_V1/inference_acceleration_20260807/references/code/FlashRT-archive-b/FlashRT-main/flash_rt/subgraphs/pi05/rtc_vjp_guided.py","FlashRT-source","reference-snapshot","full","L1-L96","96","3587","82101ebb099170cdddbe01b1a17b0464b4e839209a13b34b1b18f45d4fab2d8a","unknown","not-run","Pi0.5-specific extension","Mandatory DenoiserVjpProvider; stock pipeline has no VJP surface"
"T007","E:/Documents/brainco_for_Dexhand_V1/inference_acceleration_20260807/references/code/FlashRT-archive-b/FlashRT-main/flash_rt/models/pi05/pipeline_rtx.py","FlashRT-source","reference-snapshot","symbol-range","L99; L135-L207; L382-L389; L1436-L1502; L2064-L2083; L2210-L2222","2224","109308","c53412c21abba87e1d452bec7754ce2d88176420736970ff74b3e7d7fb02e8a7","unknown","not-run","Pi0.5 RTX","Prefix copy before/after every denoise step; internal action dim 32"
"T008","E:/Documents/brainco_for_Dexhand_V1/inference_acceleration_20260807/references/code/FlashRT-archive-b/FlashRT-main/flash_rt/models/pi05/pipeline_rtx_fp16.py","FlashRT-source","reference-snapshot","symbol-range","L430; L1474-L1555; L2171-L2173","2276","110914","126eb4b2fe8882c59a0c92c57c9286b7edcfef704b9aff091f3c047d16ec31eb","unknown","not-run","Pi0.5 RTX-FP16","FP16 prefix-lock counterpart"
"T009","E:/Documents/brainco_for_Dexhand_V1/inference_acceleration_20260807/references/code/FlashRT-archive-b/FlashRT-main/flash_rt/models/pi05/pipeline_thor.py","FlashRT-source","reference-snapshot","symbol-range","L59-L101; L153-L248; L349-L488; L530-L602; L820-L929","929","41495","302958943d4cbc88af96f051d7195138accf66653471385b023eb0614c2b0027","unknown","not-run","Pi0.5 Thor","Thor prefix restore and graph registration"
"T010","E:/Documents/brainco_for_Dexhand_V1/inference_acceleration_20260807/references/code/FlashRT-archive-b/FlashRT-main/tests/test_rtc_lite.py","FlashRT-test","reference-snapshot","full","L1-L81","81","2373","6fe174f94211f59f0514adcb36240bfd6f3c98f5ff2cb4e0acf529010c6281d6","unknown","not-run","generic controller","Unit contract for legacy async runner"
"T011","E:/Documents/brainco_for_Dexhand_V1/inference_acceleration_20260807/references/code/FlashRT-archive-b/FlashRT-main/tests/bench_rtc_temporal_fusion.py","FlashRT-benchmark-source","reference-snapshot","full","L1-L58","58","1983","b3fde2bddd02f33d3706f022874ac9400814d3606edc6c40173f3f0b940e4570","unknown","not-run","generic controller","Synthetic temporal-fusion benchmark; not real-robot proof"
"V001","E:/BrainCo_Intern/flash_inference/RoboDojo_VLA_Inference_Acceleration_Project_20260818_v11_FINAL_local_remote_synchronized_port1022.zip","authoritative-archive","V11-authoritative","archive-manifest","20,947 unique entries; CRC/manifest sidecars re-opened","","111548814","456a817b3a1355d72fcfc8f43856d61c0a1aed53338a3ac2b8810dc9b09b9b9f","aligned","not-run","project evidence","Sole ZIP currently present; no model/weight/generated bulk extracted"
"V002","E:/BrainCo_Intern/flash_inference/LATEST_SOURCE_BACKUP.txt","authority-pointer","V11-authoritative","full","L1-L5","5","348","a398bf147c1422819991f4382d217b2be3ea2178f9890bc065f90c78a1a3a061","aligned","not-run","project evidence","Marks V11 authoritative"
"V003","E:/BrainCo_Intern/flash_inference/RoboDojo_VLA_Inference_Acceleration_Project_20260818_v11_FINAL_CONTENTS_AND_OMISSIONS.md","archive-report","V11-authoritative","full","L1-L40","40","3825","7bf0f4288642b2848c257f4925fd9660adf7ee91bfbc8697f316eba17fffab60","aligned","not-run","project evidence","Storage-state L37-L39 superseded by cleanup receipt"
"V004","E:/BrainCo_Intern/flash_inference/RoboDojo_VLA_Inference_Acceleration_Project_20260818_v11_FINAL_local_remote_synchronized_port1022.validation.json","archive-validation","V11-authoritative","full-json","L1-L35","35","1357","138198a9f1af1e0f17ec8c7f0040bd59ab93228119b684d10ec2e37545e50119","aligned","not-run","project evidence","valid=true; unique entries; manifest/CRC checks"
"V005","E:/BrainCo_Intern/flash_inference/RoboDojo_VLA_Inference_Acceleration_Project_20260818_v11_FINAL_SYNC_COVERAGE_AUDIT.json","coverage-audit","V11-authoritative","full-json","L1-L54","54","1767","2a654504eeef464cea21a26405bfaf4c940f564df0acdfdd6caa4357eab5f701","aligned","not-run","project evidence","Local/remote selected-scope hash coverage"
"V006","E:/BrainCo_Intern/flash_inference/V11_LOCAL_CLEANUP_RECEIPT_20260818.md","cleanup-receipt","V11-authoritative","full","L1-L39","39","2491","ea3a5c7acb59ae559d953c687b8990c97086ac662855d32e883da51f7870c575","aligned","not-run","project evidence","Current storage authority: V11 is sole retained ZIP"
"Z001","zip://E:/BrainCo_Intern/flash_inference/RoboDojo_VLA_Inference_Acceleration_Project_20260818_v11_FINAL_local_remote_synchronized_port1022.zip!/remote_baseline_20260812/experiments/robodojo-starvla-cudagraph-quality-20260809-030/reports/final_quality.json","archived-result","V11-authoritative","structured-fields+hash","accepted flags; aggregate; baseline; decision","1041","30774","5bd6bd5b60f3decc2ae2b334b3e7a84210f3c2fb7017dbc68a52077ce43d4beb","not-applicable","not-run","StarVLA/RoboDojo-specific","16/50; score 36.2; research true; deployment false"
"Z002","zip://E:/BrainCo_Intern/flash_inference/RoboDojo_VLA_Inference_Acceleration_Project_20260818_v11_FINAL_local_remote_synchronized_port1022.zip!/remote_baseline_20260812/experiments/robodojo-starvla-cudagraph-quality-20260809-030/reports/final_audit.json","archived-audit","V11-authoritative","structured-fields+hash","status; decision; accepted flags","116","4228","a47531f752e2074cecd2bd2e494e4dcd4bcfd2bf0b37b11fedbd7eb1297fd59b","not-applicable","not-run","StarVLA/RoboDojo-specific","status=fail; audit_failed_preserve_experiment"
"Z003","zip://E:/BrainCo_Intern/flash_inference/RoboDojo_VLA_Inference_Acceleration_Project_20260818_v11_FINAL_local_remote_synchronized_port1022.zip!/remote_baseline_20260812/experiments/robodojo-starvla-cudagraph-quality-audit-requalification-inode-fix-20260809-033/reports/requalification_audit.json","archived-audit","V11-authoritative","structured-fields+hash","status; decision; six named checks and details","137","6094","4fa7e8a2a4881ea7ab10a90a1cb26d10b7c7b6e6c386ee11fbbf5fbc9d13bdf1","not-applicable","not-run","audit-only","Pass; source EXP030 remains failed; scientific inputs unmodified"
"Z004","zip://E:/BrainCo_Intern/flash_inference/RoboDojo_VLA_Inference_Acceleration_Project_20260818_v11_FINAL_local_remote_synchronized_port1022.zip!/remote_baseline_20260812/experiments/robodojo-starvla-cudagraph-quality-audit-requalification-inode-fix-20260809-033/sealing_receipt.json","archived-receipt","V11-authoritative","full-json+hash","all keys","18","960","e866944a821f8c392fda5086927ea4b7a8e462cce5bb8dae21c8e56424c80914","not-applicable","not-run","audit-only","pass_sealed; no model/environment execution; research only"
"Z005","zip://E:/BrainCo_Intern/flash_inference/RoboDojo_VLA_Inference_Acceleration_Project_20260818_v11_FINAL_local_remote_synchronized_port1022.zip!/remote_current_delta_20260818_port1022/experiments/robodojo-starvla-flashrt-all36-risk-budget18-action-latency-instance-requalification-20260813-140/reports/benchmark_result.json","archived-result","V11-authoritative","structured-fields+hash","claim_scope; action_aggregate; selected/rejected; end_to_end_timing; rollback_action; gates","94402","2501719","e35250e1b97e691d28c950b057c8e44e073f97b33d9b5ae941cb01d7efc00687","not-applicable","not-run","StarVLA/Qwen FP8-specific","18-layer set; 9 observations; 1.0348x/1.0347x; no candidate execution"
"Z006","zip://E:/BrainCo_Intern/flash_inference/RoboDojo_VLA_Inference_Acceleration_Project_20260818_v11_FINAL_local_remote_synchronized_port1022.zip!/remote_current_delta_20260818_port1022/experiments/robodojo-starvla-flashrt-all36-risk-budget18-action-latency-instance-requalification-20260813-140/reports/audit.json","archived-audit","V11-authoritative","full-json+hash","L1-L120","120","4760","8b7738ce669ac9197501462f4e60e4c0fea0883761d40737f5d68e14d0ac0c81","not-applicable","not-run","StarVLA/Qwen FP8-specific","scientific pass; closed-loop/deployment false"
"Z007","zip://E:/BrainCo_Intern/flash_inference/RoboDojo_VLA_Inference_Acceleration_Project_20260818_v11_FINAL_local_remote_synchronized_port1022.zip!/remote_current_delta_20260818_port1022/experiments/robodojo-starvla-flashrt-all36-risk-budget18-action-latency-instance-requalification-20260813-140/reports/final_summary.md","archived-summary","V11-authoritative","full","L1-L11","11","593","2dc6af0480d37fd77b5a5941e777ce12c0c3f6c23ff62fcc1d307b0cfd4f2114","not-applicable","not-run","StarVLA/Qwen FP8-specific","Concise EXP140 outcome"
"Z008","zip://E:/BrainCo_Intern/flash_inference/RoboDojo_VLA_Inference_Acceleration_Project_20260818_v11_FINAL_local_remote_synchronized_port1022.zip!/remote_current_delta_20260818_port1022/experiments/robodojo-starvla-flashrt-all36-risk-budget18-action-latency-instance-requalification-20260813-140/sealing_receipt.json","archived-receipt","V11-authoritative","full-json+hash","L1-L134","134","2261","f074d2f092a3b4feefb2f227f914a9fbb761fc24019e8edbfc1f51c52cfddc6e","not-applicable","not-run","StarVLA/Qwen FP8-specific","Sealed; only fixed-protocol closed-loop successor authorized"
